feature,auc,auc_abs,ci_lo,ci_hi,p,coverage,n,q,significant
f_instruction_line_count,0.6944701931871897,0.6944701931871897,0.6560595932801455,0.730493243457858,1.137408584901966e-20,1.0,900,1.6151201905607917e-18,True
f_context_token_count,0.6235059760956175,0.6235059760956175,0.5773943337852961,0.6647455326009132,8.77145546078996e-09,1.0,900,1.556933344290218e-07,True
f_question_length_chars,0.6184353495110467,0.6184353495110467,0.5656877229469456,0.6572297334109128,3.4587033273900324e-08,1.0,900,5.45706524988205e-07,True
f_question_length_words,0.6138865186403847,0.6138865186403847,0.5726212325167646,0.6570226617340581,1.1253635713569377e-07,1.0,900,1.5980162713268514e-06,True
f_content_word_count,0.6131283801619409,0.6131283801619409,0.5688299029499935,0.6558240767237279,1.3573485140932113e-07,1.0,900,1.6061957416769668e-06,True
f_definite_np_without_entity_count,0.6074929864517278,0.6074929864517278,0.5689690778929893,0.6451364059435253,5.09879044661599e-07,1.0,900,5.171630310139075e-06,True
f_n_sentences,0.605586897402685,0.605586897402685,0.5688054661195404,0.6412988381620063,4.833310167405237e-07,1.0,900,5.171630310139075e-06,True
f_punctuation_density,0.6018944253801435,0.6018944253801435,0.5542726473511336,0.6470070567833583,1.9956460436596615e-06,1.0,900,1.5743429899981775e-05,True
f_type_token_ratio,0.4000270106016611,0.5999729893983389,0.36299056271671964,0.4377588780995509,3.2134107316719776e-06,1.0,900,2.4016017047232673e-05,True
f_difficult_word_count,0.5986224593152812,0.5986224593152812,0.5460393814274136,0.6410713691726176,4.287594047916907e-06,1.0,900,2.905655583079702e-05,True
f_word_entropy,0.5959306073088232,0.5959306073088232,0.5484070900654047,0.6437105329241072,7.859473057869509e-06,1.0,900,4.8523703226846535e-05,True
f_negation_count,0.5956666400653166,0.5956666400653166,0.5573086171850169,0.6335367977425376,4.575636162139625e-06,1.0,900,2.9533651591992127e-05,True
f_oov_like_count,0.594856322015482,0.594856322015482,0.5508144512942164,0.6347185922522164,4.297096284836179e-06,1.0,900,2.905655583079702e-05,True
f_anchor_count,0.5936531224869398,0.5936531224869398,0.5500272432916419,0.6430855632543143,1.2527957326525594e-05,1.0,900,7.115879761466538e-05,True
f_question_category_score,0.5929809268319634,0.5929809268319634,0.5478859456729243,0.63553402527677,9.328024399866065e-06,1.0,900,5.519081103254089e-05,True
f_entity_count,0.5927537922270855,0.5927537922270855,0.5445575189247022,0.639409658251676,1.4979316354196921e-05,1.0,900,7.878010823318381e-05,True
f_dale_chall_score,0.5925051719163407,0.5925051719163407,0.5486923352932528,0.6338777886499115,1.6410331844415425e-05,1.0,900,8.322382578239251e-05,True
f_year_max,0.5924179776791717,0.5924179776791717,0.5396771723751588,0.6479413809655306,0.0008536053354142775,0.6111111111111112,550,0.002818882735554126,True
f_quoted_span_count,0.5919005027655173,0.5919005027655173,0.553194565476664,0.6317212391407298,1.359098721488912e-05,1.0,900,7.422769940439443e-05,True
f_quoted_span_word_count,0.5900742177668371,0.5900742177668371,0.5554720593214977,0.6264252513912932,2.1680944853723974e-05,1.0,900,0.00010371344251840517,True
f_numeral_count,0.5894511322966992,0.5894511322966992,0.5428335778959398,0.6324884974271048,2.6616307456319932e-05,1.0,900,0.00012191985996120744,True
f_question_type=when,0.5893590507001271,0.5893590507001271,0.5611052199469149,0.6166766454246292,1.265421622348245e-07,1.0,900,1.6061957416769668e-06,True
f_id_like_token_count,0.5884597204402728,0.5884597204402728,0.5536134540631373,0.6176602380574723,1.3354578394861048e-06,1.0,900,1.1155000776883934e-05,True
f_has_output_format_request,0.5871583005420536,0.5871583005420536,0.5571646793551406,0.6188045787427393,6.074795180448038e-07,1.0,900,5.750806104157477e-06,True
f_constraint_count,0.5865873946433066,0.5865873946433066,0.5447714656803608,0.6280581196144468,2.19112906729025e-05,1.0,900,0.00010371344251840517,True
f_distinct_entity_types,0.5865106599794965,0.5865106599794965,0.5393448326362685,0.6302909022277664,4.5191745753067936e-05,1.0,900,0.00018874199696869548,True
f_hop_estimate,0.5843344649138424,0.5843344649138424,0.5453786686456382,0.6263471234073111,3.138667476436266e-05,1.0,900,0.00013927836926685928,True
f_has_chain_of_thought_cue,0.5836100896874751,0.5836100896874751,0.5582141819453951,0.6150536093213588,1.9946715651968265e-19,1.0,900,1.4162168112897468e-17,True
f_temporal_expression_count,0.5812251763362574,0.5812251763362574,0.5347800678375857,0.6270866727005583,0.00013331277279875095,1.0,900,0.0005258448260395176,True
f_output_format=steps,0.5799268258245907,0.5799268258245907,0.5553628160534162,0.6071722589043491,1.171796914753521e-06,1.0,900,1.0399697618437498e-05,True
f_multi_need_score,0.5779532102713951,0.5779532102713951,0.5362190866831942,0.6207858776716033,0.00010816135863258858,1.0,900,0.00043882608359507364,True
f_temporal_type=range,0.575982664104752,0.575982664104752,0.5489965233902251,0.6041106939609142,2.9356187884226566e-11,1.0,900,1.042144669890043e-09,True
f_max_bpe_fertility,0.5753841337270332,0.5753841337270332,0.5368860498923624,0.6123119442827252,3.7501010828007e-05,1.0,900,0.00016136798598718165,True
f_n_clauses,0.5753687867942714,0.5753687867942714,0.5375590818376778,0.6165145377691112,0.0004344000088810594,1.0,900,0.0015816615707977034,True
f_char_entropy,0.5744172769630261,0.5744172769630261,0.5247215701858545,0.6267497024498181,0.0005155027082201375,1.0,900,0.0017938415675162556,True
f_question_type=other,0.42632858396920786,0.5736714160307921,0.39853486062140675,0.45623171165091114,2.0189544326338985e-10,1.0,900,4.095593277628766e-09,True
f_is_wh_question,0.5736714160307921,0.5736714160307921,0.5448268232439775,0.6035294680965785,2.0189544326338985e-10,1.0,900,4.095593277628766e-09,True
f_temporal_type=relative,0.4296742153113279,0.5703257846886721,0.4059342331060339,0.45657701937397216,1.9256822647243023e-10,1.0,900,4.095593277628766e-09,True
f_difficult_word_ratio,0.4306963210332783,0.5693036789667216,0.3883158961782233,0.47048659301393597,0.001245685691662342,1.0,900,0.003930830404801169,True
f_has_math_expression,0.5680421610936839,0.5680421610936839,0.53485774777058,0.6051498483129735,0.00019784258553489376,1.0,900,0.0007592877607014842,True
f_jargon_ratio,0.5673546185059455,0.5673546185059455,0.5240420564361091,0.6066393500450716,0.001703668392503992,1.0,900,0.005259150255121019,True
f_has_date_like,0.5662281536412133,0.5662281536412133,0.5299446575543988,0.6012140140122144,0.00030012048241132206,1.0,900,0.0011215028553265194,True
f_root_type_token_ratio,0.5657002191541999,0.5657002191541999,0.5169818361604444,0.6112852949567495,0.0022125281369886427,1.0,900,0.006684659477710367,True
f_hedge_word_count,0.5652612968772062,0.5652612968772062,0.5289034183678547,0.5994763054864366,0.0005179401709025808,1.0,900,0.0017938415675162556,True
f_conditional_flag,0.5640089871638254,0.5640089871638254,0.5413665639010955,0.5919541184037262,5.455348560077734e-15,1.0,900,2.582198318436794e-13,True
f_nested_modifier_depth,0.5619862614257916,0.5619862614257916,0.5235034079106968,0.6007289707474528,0.0012184516629639441,1.0,900,0.003930830404801169,True
f_polysyllable_count,0.5612864412918435,0.5612864412918435,0.5228763786864263,0.6030153985830579,0.004278188917887563,1.0,900,0.012150056526800679,True
f_wh_word_count,0.5608904904265833,0.5608904904265833,0.520421202964511,0.6044042923056332,0.0023771021465302422,1.0,900,0.007032260516818632,True
f_rare_word_count,0.5602090866119497,0.5602090866119497,0.5182353446117711,0.6057378907249634,0.0041456958991504264,1.0,900,0.012014057503660419,True
f_percent_count,0.5577658549162364,0.5577658549162364,0.5243534753600629,0.5885856987788499,0.0007627124065332449,1.0,900,0.002578694326850495,True
f_distinct_wh_count,0.5547394397755665,0.5547394397755665,0.5125677052778023,0.595099829634144,0.005042065774349437,1.0,900,0.014038692940345491,True
f_uppercase_char_ratio,0.4463348455177748,0.5536651544822252,0.40588493414084004,0.48922202561347616,0.012320699425581127,1.0,900,0.031241773543437858,True
f_tokens_per_word,0.5518572858028594,0.5518572858028594,0.5059613199556023,0.5995305225180421,0.015452225023076818,1.0,900,0.038495016724156284,True
f_aggregation_flag,0.5505988373163739,0.5505988373163739,0.5156699647799977,0.5865151313165874,0.006473565950316052,1.0,900,0.01767781471047845,True
f_max_parse_depth,0.5463753614202665,0.5463753614202665,0.5015804404696795,0.5879041225537233,0.028326968912587243,1.0,900,0.06594146861618669,False
f_causal_flag,0.5454606842276503,0.5454606842276503,0.5059805426963785,0.5876617147636629,0.011640230240219943,1.0,900,0.03005295807474967,True
f_retrieval_anchor_score,0.5438431175145335,0.5438431175145335,0.5007351858082651,0.5867976620040867,0.04112570521359515,1.0,900,0.0941911312956534,False
f_is_ambiguous,0.5428486362715548,0.5428486362715548,0.5083190708567535,0.5734639904088156,0.011017821268885614,1.0,900,0.028972789262625136,True
f_retrieval_difficulty_score,0.5424281303138755,0.5424281303138755,0.49497894443771134,0.5822143712295214,0.048124245486158714,1.0,900,0.10847052157197677,False
f_underspecification_score,0.54092720028975,0.54092720028975,0.5103855990602296,0.5732189395114691,0.01627626013456196,1.0,900,0.039566238192657685,True
f_vague_term_count,0.5407246207772914,0.5407246207772914,0.5090565907936392,0.5708968445706,0.016832568053625253,1.0,900,0.0398370777269131,True
f_anchor_density,0.5403010454330598,0.5403010454330598,0.4960737354978562,0.5840326680122252,0.06049825731575589,1.0,900,0.1342305084193334,False
f_lexical_rarity_score,0.5382169319639776,0.5382169319639776,0.4919163718316976,0.5856328749539934,0.0750341343095993,1.0,900,0.15902756823825526,False
f_instruction_char_ratio,0.462206643380254,0.5377933566197459,0.42179622609562223,0.5087866969372399,0.07831667684809492,1.0,900,0.1635436487121982,False
f_year_span,0.5327753126260589,0.5327753126260589,0.4781869497397092,0.5836589318954043,0.21196507339106874,0.6111111111111112,550,0.35832190978014,False
f_has_enumeration_request,0.4672926168975868,0.5327073831024132,0.43792544269380923,0.4979787745891949,0.016439493333569036,1.0,900,0.039566238192657685,True
f_question_category=Fact Retrieval,0.4685848286361487,0.5314151713638513,0.4301067944587648,0.505146629559511,0.08775007224037926,1.0,900,0.18058710519034574,False
f_temporal_risk_score,0.531344575473146,0.531344575473146,0.49261360548263755,0.5698996207510597,0.10517214081181529,1.0,900,0.21034428162363059,False
f_question_category=Math,0.5307092124567984,0.5307092124567984,0.4991019650907923,0.5599372716988169,0.06687671747325927,1.0,900,0.1460999058646587,False
f_mean_word_zipf,0.46946881196324103,0.5305311880367589,0.42373979430481873,0.5155873606969282,0.15471279200042928,1.0,900,0.29292288618747947,False
f_n_lines,0.530304053431881,0.530304053431881,0.48673732339725734,0.5712629533079234,0.14614042112373965,1.0,900,0.2842731479393292,False
f_year_min,0.5295986284792255,0.5295986284792255,0.4774444749980926,0.5809519206414874,0.28655124249298514,0.6111111111111112,550,0.4471458948791636,False
f_gunning_fog,0.4706904278110977,0.5293095721889023,0.4252849921665539,0.5172968983970418,0.17222311821023317,1.0,900,0.3135343946904245,False
f_max_word_len,0.5292359069116446,0.5292359069116446,0.48897976787993347,0.5752290103989233,0.15417329416868256,1.0,900,0.29292288618747947,False
f_avg_chars_per_word,0.4725627536080638,0.5274372463919361,0.43083122093849713,0.5109123598049282,0.20120780207820632,1.0,900,0.34843302311104024,False
f_named_entity_hint,0.527154862829115,0.527154862829115,0.48812869404297693,0.5692597662291043,0.19634557787178675,1.0,900,0.3442107661456015,False
f_flesch_reading_ease,0.5270781281653049,0.5270781281653049,0.4798224881379304,0.5705837249348334,0.20726268161365113,1.0,900,0.35459398541130677,False
f_year_count,0.5267681201235122,0.5267681201235122,0.4855758636111452,0.5650813629756335,0.19367935193214514,1.0,900,0.34378084967955763,False
f_digit_char_ratio,0.52492648819207,0.52492648819207,0.47532014888082474,0.5788223343692227,0.24479018201754377,1.0,900,0.3995425959366807,False
f_avg_syllables_per_word,0.4757487768494589,0.5242512231505412,0.4321476692490084,0.5210808333928945,0.2582510840801201,1.0,900,0.4074628215486339,False
f_proper_noun_token_count,0.5242328068312266,0.5242328068312266,0.4801953746017645,0.5694709596042696,0.253568724286775,1.0,900,0.4074628215486339,False
f_entity_person_count,0.5231953541765142,0.5231953541765142,0.481956527932233,0.5655457625492689,0.2566605853195475,1.0,900,0.4074628215486339,False
f_whitespace_ratio,0.48108030129098395,0.5189196987090161,0.44279640137272364,0.5262056301403876,0.37647346172524054,1.0,900,0.5563449803137566,False
f_avg_words_per_sentence,0.4816266520973118,0.5183733479026882,0.4322984850104116,0.5264440012553354,0.3921459430195149,1.0,900,0.5636953590380086,False
f_question_type_secondary=which,0.5183365152640594,0.5183365152640594,0.5006527153946224,0.5359588943824436,0.07269136266372724,1.0,900,0.15639656815529193,False
f_stopword_ratio,0.5155986224593153,0.5155986224593153,0.46876598029565664,0.560544849537301,0.4674335600450642,1.0,900,0.6307982755832972,False
f_min_word_zipf,0.4852209037501765,0.5147790962498235,0.44037297338398473,0.5346962911144101,0.479790349838088,1.0,900,0.6307982755832972,False
f_has_relative_recency,0.5146072106028888,0.5146072106028888,0.48384480098172633,0.5438485001699769,0.35231569258630435,1.0,900,0.5266192457605813,False
f_domain_hint=history,0.514220467897286,0.514220467897286,0.49668148333535583,0.5323988286406398,0.1863631483030178,1.0,900,0.33498186150669024,False
f_question_complexity_score,0.4858317116741049,0.5141682883258951,0.44337184196456736,0.5329437466226083,0.5093707017981455,1.0,900,0.6458092826369344,False
f_entity_place_count,0.5135728273347288,0.5135728273347288,0.469492516530758,0.5512155167900719,0.48420431013084075,1.0,900,0.6307982755832972,False
f_entity_work_count,0.5133487621164035,0.5133487621164035,0.4811920352920118,0.5490293461307916,0.4679513673063317,1.0,900,0.6307982755832972,False
f_long_word_ratio,0.4875444293703461,0.5124555706296539,0.44827348686117546,0.527921908100865,0.5618813070756554,1.0,900,0.6819414154251545,False
f_question_mark_count,0.5124218073775775,0.5124218073775775,0.480175891841382,0.5500280315839087,0.49902043263894424,1.0,900,0.6383864994119827,False
f_sub_question_count,0.5111541507314348,0.5111541507314348,0.475716246785241,0.5450100885638267,0.5455380435378825,1.0,900,0.6756361662206096,False
f_acronym_count,0.5111510813448824,0.5111510813448824,0.4798272028143889,0.5461747501777919,0.544044493103016,1.0,900,0.6756361662206096,False
f_domain_hint=science,0.4891926899489868,0.5108073100510132,0.4732607816537514,0.505007903956864,0.09990005285357735,1.0,900,0.20265439293154264,False
f_question_type=which,0.48929397970521615,0.5107060202947838,0.45888076706866693,0.5215164099787972,0.497592768228436,1.0,900,0.6383864994119827,False
f_unit_count,0.4897206244360003,0.5102793755639997,0.464699917554217,0.5138158065695564,0.44817696687867337,1.0,900,0.6301101910571447,False
f_question_type=who,0.509763718623196,0.509763718623196,0.4830214899143195,0.5332944712152733,0.45669404761042054,1.0,900,0.6307982755832972,False
f_question_type=how,0.49028232217509016,0.5097176778249098,0.4696931155887407,0.506869420074814,0.17061267971459226,1.0,900,0.3135343946904245,False
f_output_format=report,0.5094322248755364,0.5094322248755364,0.4998521770616627,0.5194408596902625,0.10808500681836766,1.0,900,0.21316765233622512,False
f_template_repetition_score,0.4906629261075881,0.5093370738924119,0.4412952051992915,0.5288369008327174,0.6637166049541223,1.0,900,0.7725226057662735,False
f_is_multi_part,0.509300241253783,0.509300241253783,0.4987840907480512,0.5197292775096387,0.16366970647508017,1.0,900,0.3058039252560708,False
f_question_type=what,0.4911417504097631,0.508858249590237,0.4652693098206791,0.5176109484802733,0.4740018004138278,1.0,900,0.6307982755832972,False
f_domain_hint=legal,0.5078146581624197,0.5078146581624197,0.49422694753577107,0.5241135841529381,0.3401367948347568,1.0,900,0.5193486544788759,False
f_domain_hint=business,0.49219761938379,0.50780238061621,0.4683936987123588,0.5131537665497086,0.39299887707579473,1.0,900,0.5636953590380086,False
f_coleman_liau_index,0.4924216846021154,0.5075783153978846,0.4493861849230669,0.5313119200864779,0.724199593382077,1.0,900,0.7971809477539141,False
f_entity_org_count,0.507437123616474,0.507437123616474,0.47069580785214843,0.5516763687916888,0.7150000754699066,1.0,900,0.7932032087244276,False
f_question_type_secondary=when,0.49259357024905004,0.50740642975095,0.4758834483122093,0.5070009053210698,0.31598260233508957,1.0,900,0.4877122775172035,False
f_has_temporal_constraint,0.5071977114653865,0.5071977114653865,0.5,0.5176676708838708,0.009239974686677425,1.0,900,0.024756158594494232,True
f_non_ascii_ratio,0.5070872135495,0.5070872135495,0.4850796180784344,0.53066803892753,0.5568170900757401,1.0,900,0.6816209206099577,False
f_domain_hint=medical,0.4933087373157601,0.5066912626842399,0.4839463464062303,0.5019173169506412,0.22239916957422212,1.0,900,0.37153743622987695,False
f_core_question_ratio,0.5066881932976876,0.5066881932976876,0.4634449006010727,0.5525377044575497,0.7554756538569308,1.0,900,0.8127086579370013,False
f_is_comparison,0.4934529984837231,0.506547001516277,0.4648526630829521,0.5166435396966219,0.6007795098037605,1.0,900,0.7168965579170924,False
f_vague_quantifiers_count,0.4937507289793062,0.5062492710206938,0.4619584805897671,0.5234129138136615,0.7062735040897591,1.0,900,0.7932032087244276,False
f_has_url,0.49394716971866004,0.50605283028134,0.4791791186099448,0.5079274490544001,0.3487248063978332,1.0,900,0.5266192457605813,False
f_question_type_secondary=how,0.5057673773319664,0.5057673773319664,0.48869771600096407,0.5202868199786784,0.38003847246784783,1.0,900,0.5563449803137566,False
f_mtld,0.4942725246932148,0.5057274753067852,0.45306795434514835,0.5398926603008629,0.7897490152665994,1.0,900,0.8368982102078888,False
f_currency_count,0.49437381444944417,0.5056261855505558,0.47848656415964114,0.5114444844337118,0.4785025470730849,1.0,900,0.6307982755832972,False
f_has_file_path,0.49471758574331337,0.5052824142566866,0.47813191211068995,0.5092304102893118,0.42141305681537233,1.0,900,0.5984065406778287,False
f_ends_with_question_mark,0.5049232960300555,0.5049232960300555,0.46974195723619605,0.5378636488379136,0.7796573825614803,1.0,900,0.8324161528100016,False
f_has_length_limit,0.5048987409376362,0.5048987409376362,0.4851841853752716,0.5251959822646456,0.6697445154897745,1.0,900,0.7732009853621787,False
f_question_type_secondary=who,0.4951472998606498,0.5048527001393501,0.47819026535588,0.5105586635574079,0.6240088647888757,1.0,900,0.7384104900001697,False
f_domain_hint=everyday,0.49555552827211946,0.5044444717278805,0.4685492773400816,0.5230380522989718,0.7498791456629067,1.0,900,0.8127086579370013,False
f_rare_word_ratio,0.4958931607928839,0.5041068392071161,0.45215003277768684,0.5395096942175388,0.8482775976624295,1.0,900,0.8857016093240072,False
f_has_citation_request,0.5038305944173997,0.5038305944173997,0.4858221572862208,0.5207855026268694,0.6468909180612101,1.0,900,0.7591612426834036,False
f_domain_hint=finance,0.5038091087115328,0.5038091087115328,0.4787582206007144,0.5231273737288011,0.7342286302380745,1.0,900,0.8020035807215891,False
f_primary_task_verb=generate,0.4963167361371157,0.5036832638628843,0.46037135438981747,0.5315475688080666,0.8337113427106074,1.0,900,0.8769408197400463,False
f_boolean_operator_count,0.4963351524564301,0.5036648475435699,0.4919004485383344,0.5,0.22624540355878475,1.0,900,0.37356799192264456,False
f_question_type_secondary=whose,0.4963904014143733,0.5036095985856267,0.48149598588607984,0.510836198174338,0.5471701346152824,1.0,900,0.6756361662206096,False
f_question_type_secondary=where,0.5031921620144998,0.5031921620144998,0.4834885162034891,0.5194089097004247,0.6772952916187874,1.0,900,0.7756123500795792,False
f_politeness_filler_count,0.5031000804179278,0.5031000804179278,0.4922895034015317,0.5141660451565888,0.5896697660176655,1.0,900,0.7096025997839703,False
f_requires_synthesis_flag,0.5030601783927464,0.5030601783927464,0.4850742380933625,0.5188260929609697,0.7117283862664228,1.0,900,0.7932032087244276,False
f_has_code_span,0.50294968047686,0.50294968047686,0.49550226840107764,0.5108976741246849,0.47079778185301446,1.0,900,0.6307982755832972,False
f_question_type_secondary=what,0.5025537296115998,0.5025537296115998,0.4889539866157776,0.5160452359313361,0.7110744150709192,1.0,900,0.7932032087244276,False
f_has_role_prompt,0.5018416319314422,0.5018416319314422,0.47153432240938475,0.5360078674792208,0.9164674785759876,1.0,900,0.9362473522143183,False
f_has_exclusion,0.5018416319314422,0.5018416319314422,0.4683107843650008,0.5394456690970062,0.9164674785759876,1.0,900,0.9362473522143183,False
f_prompt_contains_system_instructions,0.5018416319314422,0.5018416319314422,0.46666922291260726,0.5401475643119028,0.9164674785759876,1.0,900,0.9362473522143183,False
f_question_category=Reasoning,0.5006507099491097,0.5006507099491097,0.47552220593446065,0.5269657479887276,0.9579205977834461,1.0,900,0.9708856671757894,False
f_question_type=where,0.49979128171443654,0.5002087182855635,0.48564908870572104,0.5124341352930961,0.9761748252692083,1.0,900,0.9761748252692083,False
f_has_email,0.5001872325796967,0.5001872325796967,0.493037688957308,0.5079789445742479,0.9640484441675092,1.0,900,0.9708856671757894,False
